_id,game,name_en,name_es,name_fr,name_it,name_de,name_jp,skill_tree,required_skill_tree_points,hunter_type,skill_category
1,fu,Attack Up (Large),Sub ataque (grande),Attaque augm. (gd),Attacco aum.(gran.),Angriff hoch (sehr),,Attack,20,Blademaster/Gunner,
2,fu,Attack Up (Medium),Sub ataque (medio),Attaque augm. (my),Attacco aum.(medio),Angriff hoch(mittel),,Attack,15,Blademaster/Gunner,
3,fu,Attack Up (Small),Sub ataque (peq.),Attaque augm. (pt),Attacco aum.(picc.),Angriff hoch (wenig),,Attack,10,Blademaster/Gunner,
4,fu,Attack Down (Small),Ataque abajo (peq.),Baisse attaque (Pte),Attacco dim.(picc.),Angr. runter (wenig),,Attack,-10,Blademaster/Gunner,
5,fu,Attack Down (Medium),Ataque abajo (medio),Baisse attaque (Moy),Attacco dim.(medio),Ang. runter (mittel),,Attack,-15,Blademaster/Gunner,
6,fu,Attack Down (Large),Ataque abajo (grnde),Baisse attaque (Gde),Attacco dim.(gran.),Angr. runter (sehr),,Attack,-20,Blademaster/Gunner,
7,fu,Defense +40,Defensa +40,Défense +40,Difesa +40,Verteidigung +40,,Defense,20,Blademaster/Gunner,
8,fu,Defense +30,Defensa +30,Défense +30,Difesa +30,Verteidigung +30,,Defense,15,Blademaster/Gunner,
9,fu,Defense +20,Defensa +20,Défense +20,Difesa +20,Verteidigung +20,,Defense,10,Blademaster/Gunner,
10,fu,Defense -20,Defensa -20,Défense -20,Difesa -20,Verteidigung -20,,Defense,-10,Blademaster/Gunner,
11,fu,Defense -30,Defensa -30,Défense -30,Difesa -30,Verteidigung -30,,Defense,-15,Blademaster/Gunner,
12,fu,Defense -40,Defensa -40,Défense -40,Difesa -40,Verteidigung -40,,Defense,-20,Blademaster/Gunner,
13,fu,Health +50,Salud +50,Santé +50,Salute +50,Gesundheit +50,,Health,20,Blademaster/Gunner,
14,fu,Health +30,Salud +30,Santé +30,Salute +30,Gesundheit +30,,Health,15,Blademaster/Gunner,
15,fu,Health +20,Salud +20,Santé + 20,Salute +20,Gesundheit +20,,Health,10,Blademaster/Gunner,
16,fu,Health -10,Salud -10,Santé -10,Salute -10,Gesundheit -10,,Health,-10,Blademaster/Gunner,
17,fu,Health -20,Salud -20,Santé -20,Salute -20,Gesundheit -20,,Health,-15,Blademaster/Gunner,
18,fu,Health -30,Salud -30,Santé -30,Salute -30,Gesundheit -30,,Health,-20,Blademaster/Gunner,
19,fu,All Res +10,Res. todo +10,Toutes rés. +10,Res. a tutto +10,Alle Abwehr +10,,All Resist,20,Blademaster/Gunner,
20,fu,All Res +5,Res. todo +5,Toutes rés. +5,Res. a tutto +5,Alle Abwehr +5,,All Resist,15,Blademaster/Gunner,
21,fu,All Res +3,Res. todo +3,Toutes rés. +3,Res. a tutto +3,Alle Abwehr +3,,All Resist,10,Blademaster/Gunner,
22,fu,All Res -3,Res. todo -3,Toutes rés. -3,Res. a tutto -3,Alle Abwehr -3,,All Resist,-10,Blademaster/Gunner,
23,fu,All Res -5,Res. todo -5,Toutes rés. -5,Res. a tutto -5,Alle Abwehr -5,,All Resist,-15,Blademaster/Gunner,
24,fu,All Res -10,Res. todo -10,Toutes rés. -10,Res. a tutto -10,Alle Abwehr -10,,All Resist,-20,Blademaster/Gunner,
25,fu,Ice Res +10,Res. hielo +10,Rés. Glace +10,Res. a Ghiaccio +10,Eisabwehr +10,,Ice Res,15,Blademaster/Gunner,
26,fu,Ice Res +5,Res. hielo +5,Rés. Glace +5,Res. a Ghiaccio +5,Eisabwehr +5,,Ice Res,10,Blademaster/Gunner,
27,fu,Ice Res -5,Res. hielo -5,Rés. Glace -5,Res. a Ghiaccio -5,Eisabwehr -5,,Ice Res,-10,Blademaster/Gunner,
28,fu,Ice Res -10,Res. hielo -10,Rés. Glace -10,Res. a Ghiaccio -10,Eisabwehr -10,,Ice Res,-15,Blademaster/Gunner,
29,fu,Water Res +10,Res. agua +10,Rés. Eau +10,Res. ad Acqua +10,Wasserabwehr +10,,Water Res,15,Blademaster/Gunner,
30,fu,Water Res +5,Res. agua +5,Rés. Eau +5,Res. ad Acqua +5,Wasserabwehr +5,,Water Res,10,Blademaster/Gunner,
31,fu,Water Res -5,Res. agua -5,Rés. Eau -5,Res. ad Acqua -5,Wasserabwehr -5,,Water Res,-10,Blademaster/Gunner,
32,fu,Water Res -10,Res. agua -10,Rés. Eau -10,Res. ad Acqua -10,Wasserabwehr -10,,Water Res,-15,Blademaster/Gunner,
33,fu,Thunder Res +10,Res. trueno +10,Rés. Foudre +10,Res. a Tuono +10,Donnerabwehr +10,,ThunderRes,15,Blademaster/Gunner,
34,fu,Thunder Res +5,Res. trueno +5,Rés. Foudre +5,Res. a Tuono +5,Donnerabwehr +5,,ThunderRes,10,Blademaster/Gunner,
35,fu,Thunder Res -5,Res. trueno -5,Rés. Foudre -5,Res. a Tuono -5,Donnerabwehr -5,,ThunderRes,-10,Blademaster/Gunner,
36,fu,Thunder Res -10,Res. trueno -10,Rés. Foudre -10,Res. a Tuono -10,Donnerabwehr -10,,ThunderRes,-15,Blademaster/Gunner,
37,fu,Dragon Res +10,Res. dragón +10,Rés. Dragon +10,Res. a Drago +10,Drachenabwehr +10,,Dragon Res,15,Blademaster/Gunner,
38,fu,Dragon Res +5,Res. dragón +5,Rés. Dragon +5,Res. a Drago +5,Drachenabwehr +5,,Dragon Res,10,Blademaster/Gunner,
39,fu,Dragon Res -5,Res. dragón -5,Rés. Dragon -5,Res. a Drago -5,Drachenabwehr -5,,Dragon Res,-10,Blademaster/Gunner,
40,fu,Dragon Res -10,Res. dragón -10,Rés. Dragon -10,Res. a Drago -10,Drachenabwehr -10,,Dragon Res,-15,Blademaster/Gunner,
41,fu,Fire Res +10,Res. fuego +10,Rés. Feu +10,Res. a Fuoco +10,Feuerabwehr +10,,Fire Res,15,Blademaster/Gunner,
42,fu,Fire Res +5,Res. fuego +5,Rés. Feu +5,Res. a Fuoco +5,Feuerabwehr +5,,Fire Res,10,Blademaster/Gunner,
43,fu,Fire Res -5,Res. fuego -5,Rés. Feu -5,Res. a Fuoco -5,Feuerabwehr -5,,Fire Res,-10,Blademaster/Gunner,
44,fu,Fire Res -10,Res. fuego -10,Rés. Feu -10,Res. a Fuoco -10,Feuerabwehr -10,,Fire Res,-15,Blademaster/Gunner,
45,fu,Faint Negated,Desmayo anulado,Évan. annulé,Svenimento annullato,K.O. nichtig,,Faint,15,Blademaster/Gunner,
46,fu,Faint Prob Halved,Prob. desmayo mitad,Chances évan. Moitié,Prob. Sven. dimezz.,K.O.-Wahrsch. halb.,,Faint,10,Blademaster/Gunner,
47,fu,Faint Duration[x2],Dur. desmayo[x2],Durée évan.[×2],Durata Svenim.[×2],K.O.-Dauer [x2],,Faint,-10,Blademaster/Gunner,
48,fu,Poison Negated,Veneno anulado,Poison annulé,Veleno annullato,Gift nichtig,,Poison,15,Blademaster/Gunner,
49,fu,Poison Dur Halved,Dur. veneno mitad,Durée poison moitié,Durata Veleno dimezz,Giftdauer halbiert,,Poison,10,Blademaster/Gunner,
50,fu,Poison Dur[x2],Dur. veneno[x2],Durée poison[×2],Durata Veleno[×2],Giftdauer[x2],,Poison,-10,Blademaster/Gunner,
51,fu,Paralysis Negated,Parálisis anulada,Paralysie annulée,Paralis. Annullata,Lähmung nichtig,,Paralysis,15,Blademaster/Gunner,
52,fu,Para Duration Halved,Dur. paral. a mitad,Durée para. moitié,Durata Paral. dimezz,Lähmdauer halbiert,,Paralysis,10,Blademaster/Gunner,
53,fu,Para Duration[x2],Dur. paral.[x2],Durée para.[×2],Durata Paralis.[×2],Lähmdauer[x2],,Paralysis,-10,Blademaster/Gunner,
54,fu,Sleep Negated,Sueño anulado,Sommeil annulé,Sonno annullato,Schlaf nichtig,,Sleep,15,Blademaster/Gunner,
55,fu,Sleep Dur Halved,Dur. sueño a mitad,Durée sommeil moitié,Durata Sonno dimezz,Schlafdauer halbiert,,Sleep,10,Blademaster/Gunner,
56,fu,Sleep Dur[x2],Dur. sueño[x2],Durée sommeil[×2],Durata Sonno[×2],Schlafdauer[x2],,Sleep,-10,Blademaster/Gunner,
57,fu,Antiseptic,Antiséptico,Antiseptique,Antisettico,Antiseptikum,,Antiseptic,10,Blademaster/Gunner,
58,fu,Fatigue Cancellation,Canc. Fatiga,Annulation fatigue,Annullam. fatica,Ermüdungsaufhebung,,Fatigue,10,Blademaster/Gunner,
59,fu,Snow Res,Resistencia nieve,Résistance neige,Resistenza neve,Schneeabwehr,,Snow Res,10,Blademaster/Gunner,
60,fu,Quake Res,Anti-temblor,Rés.aux tremblements,Resistenza scossa,Erdbebenabwehr,,Quake Res,10,Blademaster/Gunner,
61,fu,High Grade Earplug,Tapón oí dos gran cal,Bouch. d'oreille top,Tappo or. alto liv.,Bester Ohrstöpsel,,HearProtct,15,Blademaster/Gunner,
62,fu,Earplug,Tapón de oí do,Bouchon d'oreille,Tappo per orecchie,Ohrstöpsel,,HearProtct,10,Blademaster/Gunner,
63,fu,Dragon Wind Breaker,Anular viento dragón,Coupe-vent dragon,Annulla Vento drago,Drachenwind-Brecher,,WindPress,20,Blademaster/Gunner,
64,fu,High Wind Res,Res. viento alta,Haute rés. vent,Res. Vento alta,Hohe Windabwehr,,WindPress,15,Blademaster/Gunner,
65,fu,Low Wind Res,Res. viento baja,Basse rés. vent,Res. a Vento bassa,Geringe Windabwehr,,WindPress,10,Blademaster/Gunner,
66,fu,Steal No Effect,Robo sin efecto,Vol sans effet,Anti-ladro,Diebst. ohne Effekt,,Anti-Theft,10,Blademaster/Gunner,
67,fu,Self-Defense,Auto-Defensa,Self-Defense,Auto-Difesa,Selbstverteidigung,,ResistSts,10,Blademaster/Gunner,
68,fu,Metallic Protection,Protección metálica,Protection métalliq.,Protezione metallica,Metallischer Schutz,,AntiFirDrg,10,Blademaster/Gunner,
69,fu,Frosty Protection,Protección helada,Protection froid,Protezione Gelo,Frostiger Schutz,,AntiDaora,10,Blademaster/Gunner,
70,fu,Fiery Protection,Protección ardiente,Protection flamme,Protezione Fuoco,Feuriger Schutz,,AntiChamel,10,Blademaster/Gunner,
71,fu,Sharpness +1,Afilado +1,Tranchant +1,Acutezza +1,Schärfe +1,,Artisan,10,Blademaster,
72,fu,Sharp Sword,Espada afilada,Épée aiguisée,Spada affilata,Scharfschwert,,Sharpness,10,Blademaster,
73,fu,Blunt,Desafilado,Émoussé,Smussata,Stumpf,,Sharpness,-10,Blademaster,
74,fu,ESP,ESP,PSI,ESP,Übersinnliche Kraft,,Fencing,10,Blademaster,
75,fu,Sharpening Skl Inc,Hab. Afilado aum.,Tal.aiguis. augmenté,Ab.Affilatura aument,Schärffähigk. erhöht,,SwdShrpner,10,Blademaster,
76,fu,Sharpening Skl Half,Hab. Afilado mitad,Tal.aiguis. moitié,Ab.Affilatura dimezz,Schärffähigkeit halb,,SwdShrpner,-10,Blademaster,
77,fu,Guard +2,Protección +2,Garde +2,Guardia +2,Block +2,,Guard,20,Blademaster/Gunner,
78,fu,Guard +1,Protección +1,Garde +1,Guardia +1,Block +1,,Guard,10,Blademaster/Gunner,
79,fu,Guard -1,Protección -1,Garde -1,Guardia -1,Block -1,,Guard,-10,Blademaster/Gunner,
80,fu,Guard -2,Protección -2,Garde -2,Guardia -2,Block -2,,Guard,-20,Blademaster/Gunner,
81,fu,Auto-Guard,Autoprotección,Garde auto.,Auto-guardia,Autoblock,,Auto-Guard,10,Blademaster/Gunner,
82,fu,Art of Unsheathing,Arte desenfundar,L'art de dégainer,Arte dello sguaino,KunstDesErnstmachens,,Sword Draw,10,Blademaster,
83,fu,Stellar Hunter,Cazador estelar,Chasseur brillant,Cacciatore stellare,Sternenjäger,,Edgemaster,10,Blademaster,
84,fu,NormalS/RapidBow Up,Dnormal/ArcRáp subir,Augm. MnNorm/Arc rap,Pnorm./ArcoRap. aum.,NormalS/SchnllBogn h,,NormalS Up,10,Gunner,
85,fu,PierceS/PierceBow Up,Dperf/ArcPerf subir,Augm. MnPrc/Arc pr c,PPerf/ArcoPerf aum.,PierceS/PierceBogn h,,PierceS Up,10,Gunner,
86,fu,PelletS/ScattrBow Up,Dperd/ArcDspr subir,Augm. MnPlmb/Arc frg,PFram/ArcoSpars aum.,SchrotS/ScatterBognh,,PelletS Up,10,Gunner,
87,fu,Normal S All LV Add,Añ. D.nor.todos NV,Aj. Mn Norm.tous Niv,Agg. P Norm.tutti lv,NormalS alleSt zufüg,,NormalSAdd,10,Gunner,
88,fu,Pierce S All LV Add,Añ. D.perf.todos NV,Aj. Mn Perç.tous Niv,Agg. P Perf.tutti lv,PierceS alleSt zufüg,,PierceSAdd,15,Gunner,
89,fu,Pierce S LV1 Add,Añadir D.perf. NV1,Aj. Mn Perçante Nv1,Agg. P Perfor. LV1,Pierce S St1 zufüg,,PierceSAdd,10,Gunner,
90,fu,Pellet S All LV Add,Añ. D.perd.todos NV,Aj. Mn Plmb tous Niv,Agg. P Pall.tutti lv,SchrotS alleSt zufüg,,PelletSAdd,15,Gunner,
91,fu,Pellet S LV1 Add,Añadir D.perd. NV1,Ajout Mn Plomb Nv1,Agg. P Pall. LV1,Schrot S St1 zufüg,,PelletSAdd,10,Gunner,
92,fu,Crag S All LV Add,Añ. D.expl.todos NV,Aj. Mn Expl.tous Niv,Agg.P Picco tutti lv,Crag S alle St zufüg,,Crag S Add,15,Gunner,
93,fu,Crag S LV1 Add,Añadir D.expl. NV1,Ajout Mn Explos. Nv1,Agg. P Picco LV1,Crag S St1 zufüg,,Crag S Add,10,Gunner,
94,fu,Clust S All LV Add,Añ. D.grupo todos NV,Aj. Mn Frag. tous Nv,Agg.P Grapp.tutti lv,Streu S alleSt zufüg,,ClustS Add,15,Gunner,
95,fu,Clust S LV1 Add,Añadir D.grupo NV1,Aj. Mn Fragment Nv1,Agg. P Grappolo LV1,Streu S St1 zufüg,,ClustS Add,10,Gunner,
96,fu,Reloading Speed +3,Velocidad recarga +3,Vit. rechargement +3,Velocità ricarica +3,NachladeGeschw +3,,Reload,20,Gunner,
97,fu,Reloading Speed +2,Velocidad recarga +2,Vit. rechargement +2,Velocità ricarica +2,NachladeGeschw +2,,Reload,15,Gunner,
98,fu,Reloading Speed +1,Velocidad recarga +1,Vit. rechargement +1,Velocità ricarica +1,NachladeGeschw +1,,Reload,10,Gunner,
99,fu,Reloading Speed -1,Velocidad recarga -1,Vit. rechargement -1,Velocità ricarica -1,NachladeGeschw -1,,Reload,-10,Gunner,
100,fu,Reloading Speed -2,Velocidad recarga -2,Vit. rechargement -2,Velocità ricarica -2,NachladeGeschw -2,,Reload,-15,Gunner,
101,fu,Reloading Speed -3,Velocidad recarga -3,Vit. rechargement -3,Velocità ricarica -3,NachladeGeschw -3,,Reload,-20,Gunner,
102,fu,AutoReload,Autorecarga,Recharge auto,Autocarica,Autom. Nachladen,,AutoReload,10,Gunner,
103,fu,Recoil Reduction +2,Reduc. retroceso +2,Réduction recul +2,Riduzione rinculo +2,Rückstoßminderung +2,,Recoil,20,Gunner,
104,fu,Recoil Reduction +1,Reduc. retroceso +1,Réduction recul +1,Riduzione rinculo +1,Rückstoßminderung +1,,Recoil,10,Gunner,
105,fu,Shell Deviation Down,Desv. proyectil. -,Baisse déviation tir,Deriva colpo -,Abweichung -,,Precision,10,Gunner,
106,fu,Shell Deviation Up,Desv. proyectil. +,Augm. déviation tir,Deriva colpo +,Abweichung +,,Precision,-10,Gunner,
107,fu,Poison Coating Add,Añ. Rev. veneno,Ajout Enduit poison,Sostanza Veleno agg.,Giftbeschichtung zuf,,PoisonCAdd,10,Gunner,
108,fu,Paralysis Coat Add,Añ. Rev. parálisis,Aj. Enduit paralysie,Sostanza Paral. agg.,Lähmbeschichtung zuf,,ParalyCAdd,10,Gunner,
109,fu,Sleep Coating Add,Añ. Rev. sueño,Ajout Enduit sommeil,Sostanza Sonno agg.,Schlafbschichtng zuf,,SleepCAdd,10,Gunner,
110,fu,Power Coating Add,Añ. Rev. energí a,Aj. Enduit d'énergie,Sostanza Forza agg.,Kraftbeschichtng zuf,,PowerCAdd,10,Gunner,
111,fu,ClsRngCAdd,Añ.Rev.cmb,Aj.E.combo,SAtt. Ravvicin. agg.,NhkpfBsZuf,,ClsRngCAdd,10,Gunner,
112,fu,Straight & True,Firme y decidido,Droit et franc,Retto e saldo,Ehrlich & direkt,,SteadyHand,10,Gunner,
113,fu,Reckless Abandon+3,Abandono temerario+3,Abandon total +3,Fervore sconsider.+3,Hemmungslosigkeit+3,,Expert,20,Blademaster/Gunner,
114,fu,Reckless Abandon+2,Abandono temerario+2,Abandon total +2,Fervore sconsider.+2,Hemmungslosigkeit+2,,Expert,15,Blademaster/Gunner,
115,fu,Reckless Abandon+1,Abandono temerario+1,Abandon total +1,Fervore sconsider.+1,Hemmungslosigkeit+1,,Expert,10,Blademaster/Gunner,
116,fu,Reckless Abandon-1,Abandono temerario-1,Abandon téméraire -1,Fervore sconsid. -1,Hemmungslosigkeit-1,,Expert,-10,Blademaster/Gunner,
117,fu,Reckless Abandon-2,Abandono temerario-2,Abandon téméraire -2,Fervore sconsid. -2,Hemmungslosigkeit-2,,Expert,-15,Blademaster/Gunner,
118,fu,Reckless Abandon-3,Abandono temerario-3,Abandon téméraire -3,Fervore sconsid. -3,Hemmungslosigkeit-3,,Expert,-20,Blademaster/Gunner,
119,fu,Abnormal Sts Atk Up,Subir atq est.anorm.,Att.augm.stat.anorm.,Att.StatusAnorm.aum.,AbartigStrkAngr hoch,,Spc Attack,10,Blademaster/Gunner,
120,fu,Element Attack Up,Subir atq elemental,Augm. attaq.élément.,Att. Elemento aum.,Elementangriff hoch,,ElementAtk,10,Blademaster/Gunner,
121,fu,Damage Rec Speed +2,Vel.recup. daño +2,Vit.récup.dommages+2,Vel. recup. danni +2,SchadBeseitGeschw +2,,Rec Speed,20,Blademaster/Gunner,
122,fu,Damage Rec Speed +1,Vel.recup. daño +1,Vit.récup.dommages+1,Vel. recup. danni +1,SchadBeseitGeschw +1,,Rec Speed,10,Blademaster/Gunner,
123,fu,Damage Rec Speed -1,Vel.recup. daño -1,Vit.récup.dommages-1,Vel. recup. danni -1,SchadBeseitGeschw -1,,Rec Speed,-10,Blademaster/Gunner,
124,fu,Damage Rec Speed -2,Vel.recup. daño -2,Vit.récup.dommages-2,Vel. recup. danni -2,SchadBeseitGeschw -2,,Rec Speed,-20,Blademaster/Gunner,
125,fu,Divine Protection,Protección divina,Protection divine,Protezione divina,Göttlicher Schutz,,Protection,10,Blademaster/Gunner,
126,fu,Demonic Protection,Protección diabólica,Protect. démoniaque,Protezione demoniaca,Dämonischer Schutz,,Protection,-10,Blademaster/Gunner,
127,fu,Guard Inc,Subir protección,Augm. garde,Guardia aumentata,Block verstärkt,,Guard Up,10,Blademaster/Gunner,
128,fu,Evade +2,Evadir +2,Évasion+2,Evasione +2,Ausweichen +2,,Evade,15,Blademaster/Gunner,
129,fu,Evade +1,Evadir +1,Évasion+1,Evasione +1,Ausweichen +1,,Evade,10,Blademaster/Gunner,
130,fu,Evade Distance Up,Sub. Dist. Evasión,Dist. évasion augm.,Distanza evasione +,Ausweichdistanz Hoch,,Evade Dist,10,Blademaster/Gunner,
131,fu,Adrenaline +2,Adrenalina +2,Adrénaline +2,Adrenalina +2,Adrenalin +2,,Potential,15,Blademaster/Gunner,
132,fu,Adrenaline +1,Adrenalina +1,Adrénaline +1,Adrenalina +1,Adrenalin +1,,Potential,10,Blademaster/Gunner,
133,fu,Worry,Preocuparse,Inquiétude,Inquietudine,Sorgen,,Potential,-10,Blademaster/Gunner,
134,fu,Gunnery King,Rey artillerí a,Roi en artillerie,Re artiglieria,Schießkönig,,Gunnery,15,Blademaster/Gunner,
135,fu,Gunnery Master,Maestro artillero,Maître en artillerie,Maestro artiglieria,Schießmeister,,Gunnery,10,Blademaster/Gunner,
136,fu,Capacity Up,Capac. +,Supercharge,Capacità +,Kapazität hoch,,Capacity,10,Gunner,
137,fu,Focus,Concentración,Concentration,Concentrazione,Fokus,,ShortCharg,10,Blademaster/Gunner,
138,fu,Distracted,Distracción,Distrait,Sovrappensiero,Abgelenkt,,ShortCharg,-10,Blademaster/Gunner,
139,fu,Guts,Agallas,Tripes,Coraggio,Mut,,Guts,10,Blademaster/Gunner,
140,fu,Emboldened,Envalentonado,Enhardi,Irato,Ermutigt,,Fury,10,Blademaster/Gunner,
141,fu,Farsight,Clarividencia,Vue lointaine,Vista lunga,Weitsicht,,Map,10,Blademaster/Gunner,
142,fu,Map Unavailable,Mapa no disponible,Carte indisponible,Mappa non disp.,Karte nicht verfügb.,,Map,-10,Blademaster/Gunner,
143,fu,Autotracker,Autoseguimiento,Traqueur auto.,Autotracciamento,Automatik-Aufspürer,,PsychicVis,15,Blademaster/Gunner,
144,fu,Detect,Detección,Détection,Individua,Aufspüren,,PsychicVis,10,Blademaster/Gunner,
145,fu,Gathering +2,Recogida +2,Collecte +2,Raccolta +2,Sammeln +2,,Gathering,15,Blademaster/Gunner,
146,fu,Gathering +1,Recogida +1,Collecte +1,Raccolta +1,Sammeln +1,,Gathering,10,Blademaster/Gunner,
147,fu,Gathering -1,Recogida -1,Collecte -1,Raccolta -1,Sammeln -1,,Gathering,-10,Blademaster/Gunner,
148,fu,Gathering -2,Recogida -2,Collecte -2,Raccolta -2,Sammeln -2,,Gathering,-15,Blademaster/Gunner,
149,fu,Carving Celebrity,Celebridad cortante,Dépeceur célèbre,Scalco celebrità,Zerleger-Promi,,Carving,20,Blademaster/Gunner,
150,fu,Carving Iron Man,Hombre hierro cort.,Dépeceur de fer,Scalco uomo di ferro,Zerleger-Eisenmann,,Carving,10,Blademaster/Gunner,
151,fu,High Speed Gathering,Recogida gran veloc.,Collecte rapide,Raccolta alta vel.,Schnelles Sammeln,,HiSpdGathr,10,Blademaster/Gunner,
152,fu,Backpacking Expert,Experto mochilero,Expert routard,Esp. viaggio zaino,Rucksackexperte,,Backpackng,10,Blademaster/Gunner,
153,fu,Spirit's Whim,Capricho divino,Lubie divine,Capriccio divino,Göttliche Laune,,Whim,15,Blademaster/Gunner,
154,fu,Divine Whim,Capricho de espí ritu,Lubie de l'esprit,Capriccio di spirito,Geisterlaune,,Whim,10,Blademaster/Gunner,
155,fu,Spectre's Whim,Capricho de espectro,Lubie du spectre,Capriccio di spettro,Gespensterlaune,,Whim,-10,Blademaster/Gunner,
156,fu,Devil's Whim,Capricho de demonio,Lubie du démon,Capriccio di diavolo,Teufelslaune,,Whim,-15,Blademaster/Gunner,
157,fu,Fishing Expert,Experto en pesca,Expert pêcheur,Esperto pesca,Angelexperte,,Fishing,10,Blademaster/Gunner,
158,fu,Heat Cancel [Hi],Canc. calor [alto],Annul. chaleur [Ht],Annulla Calore (al),Hitze beenden [H],,Heat Res,15,Blademaster/Gunner,
159,fu,Heat Cancel [Lo],Canc. calor [bajo],Annul. chaleur [Bs],Annulla Calore (bas),Hitze beenden [N],,Heat Res,10,Blademaster/Gunner,
160,fu,Heat Inc [Lo],Aum. calor [bajo],Augm. chaleur [Bs],Aum. Calore (bas),Hitze erhöhen [N],,Heat Res,-10,Blademaster/Gunner,
161,fu,Heat Inc [Hi],Aum. calor [alto],Augm. chaleur [Ht],Aum. Calore (al),Hitze erhöhen [H],,Heat Res,-15,Blademaster/Gunner,
162,fu,Cold Elimination[Hi],Eliminar frí o [alto],Élimin. froid [Ht],Elimin. Freddo (al),Kälte beenden[H],,Cold Res,15,Blademaster/Gunner,
163,fu,Cold Elimination[Lo],Eliminar frí o [bajo],Élimin. froid [Bs],Elimin. Freddo (bas),Kälte beenden[N],,Cold Res,10,Blademaster/Gunner,
164,fu,Cold Increase [Lo],Aum. Frí o [bajo],Augm. froid [Bs],Aum. Freddo (bas),Kälte erhöhen [N],,Cold Res,-10,Blademaster/Gunner,
165,fu,Cold Increase [Hi],Aum. Frí o [alto],Augm. froid [Ht],Aum. Freddo (al),Kälte erhöhen [H],,Cold Res,-15,Blademaster/Gunner,
166,fu,TerrainDamageNegate,Anular Daño Terreno,Annule dmg terrain,Danno Terreno annul.,GeländeschadnNegiert,,Terrain,15,Blademaster/Gunner,
167,fu,TerrainDamageHalf,Daño Terreno Mitad,Dmg terrain moitié,Danno Terreno dimez.,Geländeschaden halb,,Terrain,10,Blademaster/Gunner,
168,fu,TerrainDamageInc[Lo],AumDañoTerreno[ba],Augm. dmg terr. [Bs],Aum.DannoTerr.[bas],GlndeSchdnErhöh[N],,Terrain,-10,Blademaster/Gunner,
169,fu,TerrainDamageInc[Hi],AumDañoTerreno[al],Augm. dmg terr. [Ht],Aum.DannoTerr.[al],GlndeSchdnErhöh[H],,Terrain,-15,Blademaster/Gunner,
170,fu,Runner,Corredor,Coureur,Corridore,Läufer,,Stamina,10,Blademaster/Gunner,
171,fu,Flat Footed,Pies planos,Pieds plats,Piedi piatti,Plattfüßig,,Stamina,-10,Blademaster/Gunner,
172,fu,Constitution +2,Constitución +2,Constitution +2,Costituzione +2,Konstitution +2,,Constitutn,15,Blademaster/Gunner,
173,fu,Constitution +1,Constitución +1,Constitution +1,Costituzione +1,Konstitution +1,,Constitutn,10,Blademaster/Gunner,
174,fu,Constitution -1,Constitución -1,Constitution -1,Costituzione -1,Konstitution -1,,Constitutn,-10,Blademaster/Gunner,
175,fu,Constitution -2,Constitución -2,Constitution -2,Costituzione -2,Konstitution -2,,Constitutn,-15,Blademaster/Gunner,
176,fu,Hunger Negated,Hambre anulada,Faim annulée,Fame annullata,Hunger nichtig,,Hunger,15,Blademaster/Gunner,
177,fu,Hunger Halved,Hambre a mitad,Faim moitié,Fame dimezzata,Hunger halbiert,,Hunger,10,Blademaster/Gunner,
178,fu,Hunger Increase [Lo],Aumento hambre [ba],Augm. faim [Bs],Aumento Fame (bas),Hunger erhöhen [N],,Hunger,-10,Blademaster/Gunner,
179,fu,Hunger Increase [Hi],Aumento hambre [al],Augm. faim [Ht],Aumento Fame (al),Hunger erhöhen [H],,Hunger,-15,Blademaster/Gunner,
180,fu,Stealth,Sigilo,Furtivité,Furtività,Tarnung,,Sneak,10,Blademaster/Gunner,
181,fu,Taunt,Provocación,Provocation,Provocazione,Provokation,,Sneak,-10,Blademaster/Gunner,
182,fu,Luck Booster,Impulso de suerte,Augmenteur de chance,Potenziafortuna,Glücksverstärker,,Fate,15,Blademaster/Gunner,
183,fu,Good Luck,Buena suerte,Bonne fortune,Fortuna,Glück,,Fate,10,Blademaster/Gunner,
184,fu,Bad Luck,Mala suerte,Mauvaise fortune,Sfortuna,Pech,,Fate,-10,Blademaster/Gunner,
185,fu,Calamity,Calamidad,Calamité,Calamità,Unglück,,Fate,-20,Blademaster/Gunner,
186,fu,Trap Master,Maestro trampas,Maître des pièges,Mastro di trappole,Fallenmeister,,SpeedSetup,10,Blademaster/Gunner,
187,fu,Tranquilizing Celeb,Celebridad Tranquil.,Maître de la capture,Maestro tranquillan.,Beruhigender Star,,Tranquilzr,15,Blademaster/Gunner,
188,fu,Tranquilizing Whiz,Susurro Tranquil.,As de la capture,Esperto tranquillan.,Beruhigender Könner,,Tranquilzr,10,Blademaster/Gunner,
189,fu,Tranquilizing Guru,Gurú Tranquil.,Gourou de la capture,Guru tranquillanti,Beruhigender Guru,,Perceive,10,Blademaster/Gunner,
190,fu,HealthRecItemsImprvd,ObjRecSaludMejorados,Obj.réc.santé amél.,OggRecupSalutePotenz,GenesungsObjekteVerb,,Recovery,10,Blademaster/Gunner,
191,fu,HealthRecItemsWeaknd,ObjRecSaluddebilit.,Obj.réc.santé faible,Ogg.rec.Salute deb.,GenesungsObjktSchwch,,Recovery,-10,Blademaster/Gunner,
192,fu,Item Usage Improve,Mejora uso objetos,Amél. usage objet,Migliora uso oggetti,Objktntzng besser,,Everlastng,10,Blademaster/Gunner,
193,fu,Item Usage Decline,Declive uso objetos,Déclin usage objet,Peggiora uso oggetti,Objktntzng schlchtr,,Everlastng,-10,Blademaster/Gunner,
194,fu,Wide Area +2,Área amplia +2,Étendu +2,Ampia area +2,Großraum +2,,Wide Area,20,Blademaster/Gunner,
195,fu,Wide Area +1,Área amplia +1,Étendu +1,Ampia area +1,Großraum +1,,Wide Area,10,Blademaster/Gunner,
196,fu,Throwing Skill Up,Subir lanzamiento,Talent lancer augm.,Abilità Lancio aum.,Wurffähigkeit hoch,,Throw,10,Blademaster/Gunner,
197,fu,Bomber,Bombardero,Poseur de bombes,Bombardiere,Bomber,,BombStrUp,10,Blademaster/Gunner,
198,fu,Scavenger,Carroñero,Mange-tout,Mangiatutto,Allesfresser,,Gluttony,15,Blademaster/Gunner,
199,fu,Filled Up,Relleno,Rempli,Riempito,Aufgefüllt,,Gluttony,10,Blademaster/Gunner,
200,fu,Quick Eating,Comer rápido,Repas rapide,Mangiaveloce,Schnelles Essen,,Cooking,10,Blademaster/Gunner,
201,fu,Slow Life,Ralentizar vida,Vie lente,Vita lenta,Langsames Leben,,Cooking,-10,Blademaster/Gunner,
202,fu,BBQ Celebrity,Celebridad barbacoa,Célébrité BBQ,Celebrità BBQ,Grill-Promi,,BBQ,10,Blademaster/Gunner,
203,fu,So-Called BBQ King,Rey barbacoa,Soi-disant roi BBQ,Cosiddetto re BBQ,Sog. Grill-König,,BBQ,-10,Blademaster/Gunner,
204,fu,Flute Expert,Experto en flauta,Expert en flûte,Esperto flauto,Flötenexperte,,Horn,10,Blademaster,
205,fu,Combine Success +45%,Éxito combinac. +45%,Succès combin. +45%,Successo comb. +45%,Kombiniererfolg +45%,,MixSucRate,20,Blademaster/Gunner,
206,fu,Combine Success +25%,Éxito combinac. +25%,Succès combin. +25%,Successo comb. +25%,Kombiniererfolg +25%,,MixSucRate,15,Blademaster/Gunner,
207,fu,Combine Success +15%,Éxito combinac. +15%,Succès combin. +15%,Successo comb. +15%,Kombiniererfolg +15%,,MixSucRate,10,Blademaster/Gunner,
208,fu,Combine Success -5%,Éxito combinac. -5%,Succès combin. -5%,Successo comb. -5%,Kombiniererfolg -5%,,MixSucRate,-10,Blademaster/Gunner,
209,fu,Combine Success -10%,Éxito combinac. -10%,Succès combin. -10%,Successo comb. -10%,Kombiniererfolg -10%,,MixSucRate,-15,Blademaster/Gunner,
210,fu,Combine Success -15%,Éxito combinac. -15%,Succès combin. -15%,Successo comb. -15%,Kombiniererfolg -15%,,MixSucRate,-20,Blademaster/Gunner,
211,fu,Bullet Limit,Lí mite de balas,Limite munition,Limite munizioni,Kugelbegrenzung,,Shot Mix,10,Gunner,
212,fu,Alchemy,Alquimia,Alchimie,Alchimia,Alchimie,,Alchemy,10,Blademaster/Gunner,
213,fu,ComradGuidance&Trade,Guí at+Comrc camrd,Cond.EntenteCmpgn,Guida/scambio comp.,KameradenLeit&Handel,,ComrdGuide,15,Blademaster/Gunner,
214,fu,Comrade Guidance,Guí a camarada,Conduite compagnon,Guida compagno,Kameradenleitung,,ComrdGuide,10,Blademaster/Gunner,
215,fu,Comrade Attack Up,Sub. Atq. camarada,Att. compagnon augm.,Attacco compagno +,KameradenAngriffHoch,,ComradeAtk,10,Blademaster/Gunner,
216,fu,Comrade Defense Up,Sub. Def. camarada,Déf. compagnon augm.,Difesa compagno +,KameradenVerteidHoch,,ComradeDef,10,Blademaster/Gunner,
